Workbook

Sheet Setup
A1: Environmental Rig Characterisation Setup
A3: Project Date | D3: Distance Level | E3: Distance (cm) | G3: Variac Level | H3: Variac (V)
A4: PV Module | B4: GSM80W | D4: D1 - Near | G4: V1 - Low
A5: Irradiance Meter | B5: TES-1333 Solar Power Meter | D5: D2 - Mid | G5: V2 - Mid
A6: Temperature Meter | B6: Sentry ST642 | D6: D3 - Far | G6: V3 - High
A7: Operator
A8: Daily Environment Workbook | D8: Planned calibration logic
A9: General Notes | D9: Stage | E9: Keep Fixed | F9: Sweep / Change | G9: Goal | H9: Notes
D10: Distance effect | E10: Fan ON, V2 | F10: D3 → D2 → D1 | G10: Estimate effect of distance on G and T
D11: Variac effect | E11: Fan ON, D2 | F11: V1 → V2 → V3 | G11: Estimate effect of Variac on G and T
D12: Fan effect | E12: D2, V2 | F12: ON → OFF | G12: Approximate temperature effect at similar G
D13: Interaction check | E13: Fan ON | F13: D/V corners | G13: Check D×V interaction

Sheet Lists
A1: Fan State | B1: Status | C1: DC Link Status
A2: ON | B2: Planned | C2: Not linked
A3: OFF | B3: In Progress | C3: Linked
B4: Complete | C4: Missing
B5: Recheck

Sheet Config_01
A1: C01 - Environmental Configuration
A3: Config ID | B3: C01 | D3: Temperature Grid (°C) | H3: Temperature Summary | I3: Value
A4: Environment ID | D4: 35.1 | E4: 35 | F4: 31.2 | H4: Average (°C) | I4: =IF(COUNT(D4:F6)=0,"",AVERAGE(D4:F6)) -> 34.688889
A5: Purpose | B5: D2 V2 FON | D5: 36.2 | E5: 35.3 | F5: 32 | H5: Min (°C) | I5: =IF(COUNT(D4:F6)=0,"",MIN(D4:F6)) -> 31.2
A6: Distance (cm) | B6: 60 | D6: 36.9 | E6: 36 | F6: 34.5 | H6: Max (°C) | I6: =IF(COUNT(D4:F6)=0,"",MAX(D4:F6)) -> 36.9
A7: Variac (V) | B7: 150 | H7: Range (°C) | I7: =IF(COUNT(D4:F6)=0,"",MAX(D4:F6)-MIN(D4:F6)) -> 5.7
A8: Fan | B8: ON | D8: Irradiance Grid (W/m²) | H8: CV (%) | I8: =IF(COUNT(D4:F6)<2,"",_xludf.STDEV.S(D4:F6)/AVERAGE(D4:F6)*100) -> #NAME?
A9: Start Time | D9: 236 | E9: 295 | F9: 245
A10: Settled Time | B10: 0.64791667 | D10: 322 | E10: 350 | F10: 297 | H10: Irradiance Summary | I10: Value
A11: DC Run ID | D11: 287 | E11: 300 | F11: 265 | H11: Average (W/m²) | I11: =IF(COUNT(D9:F11)=0,"",AVERAGE(D9:F11)) -> 288.55556
A12: DC Curve File / Relative Path | B12: 20260901_GSM_HLT_DC_R01 | H12: Min | I12: =IF(COUNT(D9:F11)=0,"",MIN(D9:F11)) -> 236
A13: DC Curve Link | B13: =IF(B12="","",HYPERLINK(B12,"Open DC curve")) -> Open DC curve | D13: Configuration Status | H13: Max | I13: =IF(COUNT(D9:F11)=0,"",MAX(D9:F11)) -> 350
A14: Notes | D14: Planned | H14: Range | I14: =IF(COUNT(D9:F11)=0,"",MAX(D9:F11)-MIN(D9:F11)) -> 114
H15: CV (%) | I15: =IF(COUNT(D9:F11)<2,"",_xludf.STDEV.S(D9:F11)/AVERAGE(D9:F11)*100) -> #NAME?
A17: Thermal Settling | H17: DC Curve Metrics | I17: Value
A18: Time (min) | B18: Centre Temp (°C) | H18: Voc (V)
A19: 0 | H19: Isc (A)
A20: 1 | H20: Vmp (V)
A21: 2 | H21: Imp (A)
A22: 3 | H22: Pmp (W)
A23: 4
A24: 5
A25: 6
A26: 7
A27: 8
A28: 9

Sheet Config_02
A1: C02 - Environmental Configuration
A3: Config ID | B3: C02 | D3: Temperature Grid (°C) | H3: Temperature Summary | I3: Value
A4: Environment ID | D4: 30.8 | E4: 29.8 | F4: 28.9 | H4: Average (°C) | I4: =IF(COUNT(D4:F6)=0,"",AVERAGE(D4:F6)) -> 30.588889
A5: Purpose | B5: D3 V2 FON | D5: 31.3 | E5: 30.5 | F5: 29.1 | H5: Min (°C) | I5: =IF(COUNT(D4:F6)=0,"",MIN(D4:F6)) -> 28.9
A6: Distance (cm) | B6: 90 | D6: 31.9 | E6: 32 | F6: 31 | H6: Max (°C) | I6: =IF(COUNT(D4:F6)=0,"",MAX(D4:F6)) -> 32
A7: Variac (V) | B7: 150 | H7: Range (°C) | I7: =IF(COUNT(D4:F6)=0,"",MAX(D4:F6)-MIN(D4:F6)) -> 3.1
A8: Fan | B8: ON | D8: Irradiance Grid (W/m²) | H8: CV (%) | I8: =IF(COUNT(D4:F6)<2,"",_xludf.STDEV.S(D4:F6)/AVERAGE(D4:F6)*100) -> #NAME?
A9: Start Time | D9: 159 | E9: 170 | F9: 145
A10: Settled Time | B10: 0.66180556 | D10: 186 | E10: 200 | F10: 179 | H10: Irradiance Summary | I10: Value
A11: DC Run ID | D11: 174 | E11: 188 | F11: 170 | H11: Average (W/m²) | I11: =IF(COUNT(D9:F11)=0,"",AVERAGE(D9:F11)) -> 174.55556
A12: DC Curve File / Relative Path | B12: 20260901_GSM_HLT_DC_R02 | H12: Min | I12: =IF(COUNT(D9:F11)=0,"",MIN(D9:F11)) -> 145
A13: DC Curve Link | B13: =IF(B12="","",HYPERLINK(B12,"Open DC curve")) -> Open DC curve | D13: Configuration Status | H13: Max | I13: =IF(COUNT(D9:F11)=0,"",MAX(D9:F11)) -> 200
A14: Notes | D14: Planned | H14: Range | I14: =IF(COUNT(D9:F11)=0,"",MAX(D9:F11)-MIN(D9:F11)) -> 55
H15: CV (%) | I15: =IF(COUNT(D9:F11)<2,"",_xludf.STDEV.S(D9:F11)/AVERAGE(D9:F11)*100) -> #NAME?
A17: Thermal Settling | H17: DC Curve Metrics | I17: Value
A18: Time (min) | B18: Centre Temp (°C) | H18: Voc (V)
A19: 0 | H19: Isc (A)
A20: 1 | H20: Vmp (V)
A21: 2 | H21: Imp (A)
A22: 3 | H22: Pmp (W)
A23: 4
A24: 5
A25: 6
A26: 7
A27: 8
A28: 9

Sheet Config_03
A1: C03 - Environmental Configuration
A3: Config ID | B3: C03 | D3: Temperature Grid (°C) | H3: Temperature Summary | I3: Value
A4: Environment ID | D4: 40.5 | E4: 40.5 | F4: 35.1 | H4: Average (°C) | I4: =IF(COUNT(D4:F6)=0,"",AVERAGE(D4:F6)) -> 41.577778
A5: Purpose | B5: D1 V2 FON | D5: 44.2 | E5: 44.3 | F5: 36.5 | H5: Min (°C) | I5: =IF(COUNT(D4:F6)=0,"",MIN(D4:F6)) -> 35.1
A6: Distance (cm) | B6: 30 | D6: 44.3 | E6: 45.5 | F6: 43.3 | H6: Max (°C) | I6: =IF(COUNT(D4:F6)=0,"",MAX(D4:F6)) -> 45.5
A7: Variac (V) | B7: 150 | H7: Range (°C) | I7: =IF(COUNT(D4:F6)=0,"",MAX(D4:F6)-MIN(D4:F6)) -> 10.4
A8: Fan | B8: ON | D8: Irradiance Grid (W/m²) | H8: CV (%) | I8: =IF(COUNT(D4:F6)<2,"",_xludf.STDEV.S(D4:F6)/AVERAGE(D4:F6)*100) -> #NAME?
A9: Start Time | D9: 478 | E9: 639 | F9: 500
A10: Settled Time | B10: 0.67777778 | D10: 476 | E10: 645 | F10: 550 | H10: Irradiance Summary | I10: Value
A11: DC Run ID | D11: 445 | E11: 560 | F11: 605 | H11: Average (W/m²) | I11: =IF(COUNT(D9:F11)=0,"",AVERAGE(D9:F11)) -> 544.22222
A12: DC Curve File / Relative Path | B12: 20260901_GSM_HLT_DC_R03 | H12: Min | I12: =IF(COUNT(D9:F11)=0,"",MIN(D9:F11)) -> 445
A13: DC Curve Link | B13: =IF(B12="","",HYPERLINK(B12,"Open DC curve")) -> Open DC curve | D13: Configuration Status | H13: Max | I13: =IF(COUNT(D9:F11)=0,"",MAX(D9:F11)) -> 645
A14: Notes | D14: Planned | H14: Range | I14: =IF(COUNT(D9:F11)=0,"",MAX(D9:F11)-MIN(D9:F11)) -> 200
H15: CV (%) | I15: =IF(COUNT(D9:F11)<2,"",_xludf.STDEV.S(D9:F11)/AVERAGE(D9:F11)*100) -> #NAME?
A17: Thermal Settling | H17: DC Curve Metrics | I17: Value
A18: Time (min) | B18: Centre Temp (°C) | H18: Voc (V)
A19: 0 | H19: Isc (A)
A20: 1 | H20: Vmp (V)
A21: 2 | H21: Imp (A)
A22: 3 | H22: Pmp (W)
A23: 4
A24: 5
A25: 6
A26: 7
A27: 8
A28: 9

Sheet Config_04
A1: C04 - Environmental Configuration
A3: Config ID | B3: C04 | D3: Temperature Grid (°C) | H3: Temperature Summary | I3: Value
A4: Environment ID | D4: 32.3 | E4: 32.1 | F4: 29.7 | H4: Average (°C) | I4: =IF(COUNT(D4:F6)=0,"",AVERAGE(D4:F6)) -> 33.355556
A5: Purpose | B5: D2 V1 FON | D5: 36 | E5: 34.1 | F5: 31.3 | H5: Min (°C) | I5: =IF(COUNT(D4:F6)=0,"",MIN(D4:F6)) -> 29.7
A6: Distance (cm) | B6: 60 | D6: 35.1 | E6: 35.1 | F6: 34.5 | H6: Max (°C) | I6: =IF(COUNT(D4:F6)=0,"",MAX(D4:F6)) -> 36
A7: Variac (V) | B7: 120 | H7: Range (°C) | I7: =IF(COUNT(D4:F6)=0,"",MAX(D4:F6)-MIN(D4:F6)) -> 6.3
A8: Fan | B8: ON | D8: Irradiance Grid (W/m²) | H8: CV (%) | I8: =IF(COUNT(D4:F6)<2,"",_xludf.STDEV.S(D4:F6)/AVERAGE(D4:F6)*100) -> #NAME?
A9: Start Time | D9: 150 | E9: 190 | F9: 155
A10: Settled Time | B10: 0.69027778 | D10: 238 | E10: 270 | F10: 240 | H10: Irradiance Summary | I10: Value
A11: DC Run ID | D11: 231 | E11: 277 | F11: 260 | H11: Average (W/m²) | I11: =IF(COUNT(D9:F11)=0,"",AVERAGE(D9:F11)) -> 223.44444
A12: DC Curve File / Relative Path | B12: 20260901_GSM_HLT_DC_R04 | H12: Min | I12: =IF(COUNT(D9:F11)=0,"",MIN(D9:F11)) -> 150
A13: DC Curve Link | B13: =IF(B12="","",HYPERLINK(B12,"Open DC curve")) -> Open DC curve | D13: Configuration Status | H13: Max | I13: =IF(COUNT(D9:F11)=0,"",MAX(D9:F11)) -> 277
A14: Notes | D14: Planned | H14: Range | I14: =IF(COUNT(D9:F11)=0,"",MAX(D9:F11)-MIN(D9:F11)) -> 127
H15: CV (%) | I15: =IF(COUNT(D9:F11)<2,"",_xludf.STDEV.S(D9:F11)/AVERAGE(D9:F11)*100) -> #NAME?
A17: Thermal Settling | H17: DC Curve Metrics | I17: Value
A18: Time (min) | B18: Centre Temp (°C) | H18: Voc (V)
A19: 0 | H19: Isc (A)
A20: 1 | H20: Vmp (V)
A21: 2 | H21: Imp (A)
A22: 3 | H22: Pmp (W)
A23: 4
A24: 5
A25: 6
A26: 7
A27: 8
A28: 9

Sheet Config_05
A1: C05 - Environmental Configuration
A3: Config ID | B3: C05 | D3: Temperature Grid (°C) | H3: Temperature Summary | I3: Value
A4: Environment ID | D4: 41.5 | E4: 40.6 | F4: 36.4 | H4: Average (°C) | I4: =IF(COUNT(D4:F6)=0,"",AVERAGE(D4:F6)) -> 41.3
A5: Purpose | B5: D2 V3 FON | D5: 44 | E5: 43.1 | F5: 37.1 | H5: Min (°C) | I5: =IF(COUNT(D4:F6)=0,"",MIN(D4:F6)) -> 36.4
A6: Distance (cm) | B6: 60 | D6: 42.7 | E6: 43.5 | F6: 42.8 | H6: Max (°C) | I6: =IF(COUNT(D4:F6)=0,"",MAX(D4:F6)) -> 44
A7: Variac (V) | B7: 200 | H7: Range (°C) | I7: =IF(COUNT(D4:F6)=0,"",MAX(D4:F6)-MIN(D4:F6)) -> 7.6
A8: Fan | B8: ON | D8: Irradiance Grid (W/m²) | H8: CV (%) | I8: =IF(COUNT(D4:F6)<2,"",_xludf.STDEV.S(D4:F6)/AVERAGE(D4:F6)*100) -> #NAME?
A9: Start Time | D9: 500 | E9: 605 | F9: 516
A10: Settled Time | B10: 0.70069444 | D10: 600 | E10: 694 | F10: 608 | H10: Irradiance Summary | I10: Value
A11: DC Run ID | D11: 544 | E11: 650 | F11: 593 | H11: Average (W/m²) | I11: =IF(COUNT(D9:F11)=0,"",AVERAGE(D9:F11)) -> 590
A12: DC Curve File / Relative Path | B12: 20260901_GSM_HLT_DC_R05 | H12: Min | I12: =IF(COUNT(D9:F11)=0,"",MIN(D9:F11)) -> 500
A13: DC Curve Link | B13: =IF(B12="","",HYPERLINK(B12,"Open DC curve")) -> Open DC curve | D13: Configuration Status | H13: Max | I13: =IF(COUNT(D9:F11)=0,"",MAX(D9:F11)) -> 694
A14: Notes | D14: Planned | H14: Range | I14: =IF(COUNT(D9:F11)=0,"",MAX(D9:F11)-MIN(D9:F11)) -> 194
H15: CV (%) | I15: =IF(COUNT(D9:F11)<2,"",_xludf.STDEV.S(D9:F11)/AVERAGE(D9:F11)*100) -> #NAME?
A17: Thermal Settling | H17: DC Curve Metrics | I17: Value
A18: Time (min) | B18: Centre Temp (°C) | H18: Voc (V)
A19: 0 | H19: Isc (A)
A20: 1 | H20: Vmp (V)
A21: 2 | H21: Imp (A)
A22: 3 | H22: Pmp (W)
A23: 4
A24: 5
A25: 6
A26: 7
A27: 8
A28: 9

Sheet Config_06
A1: C06 - Environmental Configuration
A3: Config ID | B3: C06 | D3: Temperature Grid (°C) | H3: Temperature Summary | I3: Value
A4: Environment ID | D4: 34 | E4: 33.6 | F4: 30.5 | H4: Average (°C) | I4: =IF(COUNT(D4:F6)=0,"",AVERAGE(D4:F6)) -> 33.744444
A5: Purpose | B5: D2 V2 FON | D5: 35.4 | E5: 34.6 | F5: 31.2 | H5: Min (°C) | I5: =IF(COUNT(D4:F6)=0,"",MIN(D4:F6)) -> 30.5
A6: Distance (cm) | B6: 60 | D6: 35 | E6: 35.1 | F6: 34.3 | H6: Max (°C) | I6: =IF(COUNT(D4:F6)=0,"",MAX(D4:F6)) -> 35.4
A7: Variac (V) | B7: 150 | H7: Range (°C) | I7: =IF(COUNT(D4:F6)=0,"",MAX(D4:F6)-MIN(D4:F6)) -> 4.9
A8: Fan | B8: ON | D8: 313 | H8: CV (%) | I8: =IF(COUNT(D4:F6)<2,"",_xludf.STDEV.S(D4:F6)/AVERAGE(D4:F6)*100) -> #NAME?
A9: Start Time | D9: 238 | E9: 285 | F9: 244
A10: Settled Time | B10: 0.53541667 | D10: 301 | E10: 370 | F10: 313 | H10: Irradiance Summary | I10: Value
A11: DC Run ID | D11: 270 | E11: 306 | F11: 300 | H11: Average (W/m²) | I11: =IF(COUNT(D9:F11)=0,"",AVERAGE(D9:F11)) -> 291.88889
A12: DC Curve File / Relative Path | B12: 20260902_GSM_HLT_DC_R01 | H12: Min | I12: =IF(COUNT(D9:F11)=0,"",MIN(D9:F11)) -> 238
A13: DC Curve Link | B13: =IF(B12="","",HYPERLINK(B12,"Open DC curve")) -> Open DC curve | D13: Configuration Status | H13: Max | I13: =IF(COUNT(D9:F11)=0,"",MAX(D9:F11)) -> 370
A14: Notes | D14: Planned | H14: Range | I14: =IF(COUNT(D9:F11)=0,"",MAX(D9:F11)-MIN(D9:F11)) -> 132
H15: CV (%) | I15: =IF(COUNT(D9:F11)<2,"",_xludf.STDEV.S(D9:F11)/AVERAGE(D9:F11)*100) -> #NAME?
A17: Thermal Settling | H17: DC Curve Metrics | I17: Value
A18: Time (min) | B18: Centre Temp (°C) | H18: Voc (V)
A19: 0 | H19: Isc (A)
A20: 1 | H20: Vmp (V)
A21: 2 | H21: Imp (A)
A22: 3 | H22: Pmp (W)
A23: 4
A24: 5
A25: 6
A26: 7
A27: 8
A28: 9

Sheet Config_07
A1: C07 - Environmental Configuration
A3: Config ID | B3: C07 | D3: Temperature Grid (°C) | H3: Temperature Summary | I3: Value
A4: Environment ID | D4: 40.2 | E4: 42 | F4: 39 | H4: Average (°C) | I4: =IF(COUNT(D4:F6)=0,"",AVERAGE(D4:F6)) -> 41.866667
A5: Purpose | B5: D2 V2 FOFF | D5: 43.5 | E5: 44.8 | F5: 41.9 | H5: Min (°C) | I5: =IF(COUNT(D4:F6)=0,"",MIN(D4:F6)) -> 39
A6: Distance (cm) | B6: 60 | D6: 41.6 | E6: 42.5 | F6: 41.3 | H6: Max (°C) | I6: =IF(COUNT(D4:F6)=0,"",MAX(D4:F6)) -> 44.8
A7: Variac (V) | B7: 150 | H7: Range (°C) | I7: =IF(COUNT(D4:F6)=0,"",MAX(D4:F6)-MIN(D4:F6)) -> 5.8
A8: Fan | B8: OFF | D8: Irradiance Grid (W/m²) | H8: CV (%) | I8: =IF(COUNT(D4:F6)<2,"",_xludf.STDEV.S(D4:F6)/AVERAGE(D4:F6)*100) -> #NAME?
A9: Start Time | D9: 230 | E9: 291 | F9: 253
A10: Settled Time | B10: 0.54652778 | D10: 316 | E10: 370 | F10: 330 | H10: Irradiance Summary | I10: Value
A11: DC Run ID | D11: 275 | E11: 320 | F11: 300 | H11: Average (W/m²) | I11: =IF(COUNT(D9:F11)=0,"",AVERAGE(D9:F11)) -> 298.33333
A12: DC Curve File / Relative Path | B12: 20260902_GSM_HLT_DC_R02 | H12: Min | I12: =IF(COUNT(D9:F11)=0,"",MIN(D9:F11)) -> 230
A13: DC Curve Link | B13: =IF(B12="","",HYPERLINK(B12,"Open DC curve")) -> Open DC curve | D13: Configuration Status | H13: Max | I13: =IF(COUNT(D9:F11)=0,"",MAX(D9:F11)) -> 370
A14: Notes | D14: Planned | H14: Range | I14: =IF(COUNT(D9:F11)=0,"",MAX(D9:F11)-MIN(D9:F11)) -> 140
H15: CV (%) | I15: =IF(COUNT(D9:F11)<2,"",_xludf.STDEV.S(D9:F11)/AVERAGE(D9:F11)*100) -> #NAME?
A17: Thermal Settling | H17: DC Curve Metrics | I17: Value
A18: Time (min) | B18: Centre Temp (°C) | H18: Voc (V)
A19: 0 | H19: Isc (A)
A20: 1 | H20: Vmp (V)
A21: 2 | H21: Imp (A)
A22: 3 | H22: Pmp (W)
A23: 4
A24: 5
A25: 6
A26: 7
A27: 8
A28: 9

Sheet Config_08
A1: C08 - Environmental Configuration
A3: Config ID | B3: C08 | D3: Temperature Grid (°C) | H3: Temperature Summary | I3: Value
A4: Environment ID | D4: 36 | E4: 33.8 | F4: 31.5 | H4: Average (°C) | I4: =IF(COUNT(D4:F6)=0,"",AVERAGE(D4:F6)) -> 35.044444
A5: Purpose | B5: D3 V3 FON | D5: 36 | E5: 34.9 | F5: 32.4 | H5: Min (°C) | I5: =IF(COUNT(D4:F6)=0,"",MIN(D4:F6)) -> 31.5
A6: Distance (cm) | B6: 90 | D6: 36.6 | E6: 37.5 | F6: 36.7 | H6: Max (°C) | I6: =IF(COUNT(D4:F6)=0,"",MAX(D4:F6)) -> 37.5
A7: Variac (V) | B7: 200 | H7: Range (°C) | I7: =IF(COUNT(D4:F6)=0,"",MAX(D4:F6)-MIN(D4:F6)) -> 6
A8: Fan | B8: ON | D8: Irradiance Grid (W/m²) | H8: CV (%) | I8: =IF(COUNT(D4:F6)<2,"",_xludf.STDEV.S(D4:F6)/AVERAGE(D4:F6)*100) -> #NAME?
A9: Start Time | D9: 309 | E9: 320 | F9: 282
A10: Settled Time | B10: 0.55763889 | D10: 352 | E10: 365 | F10: 333 | H10: Irradiance Summary | I10: Value
A11: DC Run ID | D11: 313 | E11: 334 | F11: 320 | H11: Average (W/m²) | I11: =IF(COUNT(D9:F11)=0,"",AVERAGE(D9:F11)) -> 325.33333
A12: DC Curve File / Relative Path | B12: 20260902_GSM_HLT_DC_R03 | H12: Min | I12: =IF(COUNT(D9:F11)=0,"",MIN(D9:F11)) -> 282
A13: DC Curve Link | B13: =IF(B12="","",HYPERLINK(B12,"Open DC curve")) -> Open DC curve | D13: Configuration Status | H13: Max | I13: =IF(COUNT(D9:F11)=0,"",MAX(D9:F11)) -> 365
A14: Notes | D14: Planned | H14: Range | I14: =IF(COUNT(D9:F11)=0,"",MAX(D9:F11)-MIN(D9:F11)) -> 83
H15: CV (%) | I15: =IF(COUNT(D9:F11)<2,"",_xludf.STDEV.S(D9:F11)/AVERAGE(D9:F11)*100) -> #NAME?
A17: Thermal Settling | H17: DC Curve Metrics | I17: Value
A18: Time (min) | B18: Centre Temp (°C) | H18: Voc (V)
A19: 0 | H19: Isc (A)
A20: 1 | H20: Vmp (V)
A21: 2 | H21: Imp (A)
A22: 3 | H22: Pmp (W)
A23: 4
A24: 5
A25: 6
A26: 7
A27: 8
A28: 9

Sheet Config_09
A1: C09 - Environmental Configuration
A3: Config ID | B3: C09 | D3: Temperature Grid (°C) | H3: Temperature Summary | I3: Value
A4: Environment ID | D4: 36.5 | E4: 36.5 | F4: 32.4 | H4: Average (°C) | I4: =IF(COUNT(D4:F6)=0,"",AVERAGE(D4:F6)) -> 39.455556
A5: Purpose | B5: D1 V1 FON | D5: 41 | E5: 40.4 | F5: 35.1 | H5: Min (°C) | I5: =IF(COUNT(D4:F6)=0,"",MIN(D4:F6)) -> 32.4
A6: Distance (cm) | B6: 30 | D6: 44 | E6: 46 | F6: 43.2 | H6: Max (°C) | I6: =IF(COUNT(D4:F6)=0,"",MAX(D4:F6)) -> 46
A7: Variac (V) | B7: 120 | H7: Range (°C) | I7: =IF(COUNT(D4:F6)=0,"",MAX(D4:F6)-MIN(D4:F6)) -> 13.6
A8: Fan | B8: ON | D8: Irradiance Grid (W/m²) | H8: CV (%) | I8: =IF(COUNT(D4:F6)<2,"",_xludf.STDEV.S(D4:F6)/AVERAGE(D4:F6)*100) -> #NAME?
A9: Start Time | D9: 340 | E9: 410 | F9: 339
A10: Settled Time | B10: 0.56666667 | D10: 482 | E10: 660 | F10: 430 | H10: Irradiance Summary | I10: Value
A11: DC Run ID | D11: 437 | E11: 892 | F11: 662 | H11: Average (W/m²) | I11: =IF(COUNT(D9:F11)=0,"",AVERAGE(D9:F11)) -> 516.88889
A12: DC Curve File / Relative Path | B12: 20260902_GSM_HLT_DC_R04 | H12: Min | I12: =IF(COUNT(D9:F11)=0,"",MIN(D9:F11)) -> 339
A13: DC Curve Link | B13: =IF(B12="","",HYPERLINK(B12,"Open DC curve")) -> Open DC curve | D13: Configuration Status | H13: Max | I13: =IF(COUNT(D9:F11)=0,"",MAX(D9:F11)) -> 892
A14: Notes | D14: Planned | H14: Range | I14: =IF(COUNT(D9:F11)=0,"",MAX(D9:F11)-MIN(D9:F11)) -> 553
H15: CV (%) | I15: =IF(COUNT(D9:F11)<2,"",_xludf.STDEV.S(D9:F11)/AVERAGE(D9:F11)*100) -> #NAME?
A17: Thermal Settling | H17: DC Curve Metrics | I17: Value
A18: Time (min) | B18: Centre Temp (°C) | H18: Voc (V)
A19: 0 | H19: Isc (A)
A20: 1 | H20: Vmp (V)
A21: 2 | H21: Imp (A)
A22: 3 | H22: Pmp (W)
A23: 4
A24: 5
A25: 6
A26: 7
A27: 8
A28: 9

Sheet Config_10
A1: C10 - Environmental Configuration
A3: Config ID | B3: C10 | D3: Temperature Grid (°C) | H3: Temperature Summary | I3: Value
A4: Environment ID | H4: Average (°C) | I4: =IF(COUNT(D4:F6)=0,"",AVERAGE(D4:F6))
A5: Purpose | B5: D-V corner: near / low | H5: Min (°C) | I5: =IF(COUNT(D4:F6)=0,"",MIN(D4:F6))
A6: Distance (cm) | B6: =Setup!$E$4 -> 0 | H6: Max (°C) | I6: =IF(COUNT(D4:F6)=0,"",MAX(D4:F6))
A7: Variac (V) | B7: =Setup!$H$4 -> 0 | H7: Range (°C) | I7: =IF(COUNT(D4:F6)=0,"",MAX(D4:F6)-MIN(D4:F6))
A8: Fan | B8: ON | D8: Irradiance Grid (W/m²) | H8: CV (%) | I8: =IF(COUNT(D4:F6)<2,"",_xludf.STDEV.S(D4:F6)/AVERAGE(D4:F6)*100)
A9: Start Time
A10: Settled Time | H10: Irradiance Summary | I10: Value
A11: DC Run ID | H11: Average (W/m²) | I11: =IF(COUNT(D9:F11)=0,"",AVERAGE(D9:F11))
A12: DC Curve File / Relative Path | H12: Min | I12: =IF(COUNT(D9:F11)=0,"",MIN(D9:F11))
A13: DC Curve Link | B13: =IF(B12="","",HYPERLINK(B12,"Open DC curve")) | D13: Configuration Status | H13: Max | I13: =IF(COUNT(D9:F11)=0,"",MAX(D9:F11))
A14: Notes | D14: Planned | H14: Range | I14: =IF(COUNT(D9:F11)=0,"",MAX(D9:F11)-MIN(D9:F11))
H15: CV (%) | I15: =IF(COUNT(D9:F11)<2,"",_xludf.STDEV.S(D9:F11)/AVERAGE(D9:F11)*100)
A17: Thermal Settling | H17: DC Curve Metrics | I17: Value
A18: Time (min) | B18: Centre Temp (°C) | H18: Voc (V)
A19: 0 | H19: Isc (A)
A20: 1 | H20: Vmp (V)
A21: 2 | H21: Imp (A)
A22: 3 | H22: Pmp (W)
A23: 4
A24: 5
A25: 6
A26: 7
A27: 8
A28: 9

Sheet Config_11
A1: C11 - Environmental Configuration
A3: Config ID | B3: C11 | D3: Temperature Grid (°C) | H3: Temperature Summary | I3: Value
A4: Environment ID | H4: Average (°C) | I4: =IF(COUNT(D4:F6)=0,"",AVERAGE(D4:F6))
A5: Purpose | B5: D-V corner: near / high | H5: Min (°C) | I5: =IF(COUNT(D4:F6)=0,"",MIN(D4:F6))
A6: Distance (cm) | B6: =Setup!$E$4 -> 0 | H6: Max (°C) | I6: =IF(COUNT(D4:F6)=0,"",MAX(D4:F6))
A7: Variac (V) | B7: =Setup!$H$6 -> 0 | H7: Range (°C) | I7: =IF(COUNT(D4:F6)=0,"",MAX(D4:F6)-MIN(D4:F6))
A8: Fan | B8: ON | D8: Irradiance Grid (W/m²) | H8: CV (%) | I8: =IF(COUNT(D4:F6)<2,"",_xludf.STDEV.S(D4:F6)/AVERAGE(D4:F6)*100)
A9: Start Time
A10: Settled Time | H10: Irradiance Summary | I10: Value
A11: DC Run ID | H11: Average (W/m²) | I11: =IF(COUNT(D9:F11)=0,"",AVERAGE(D9:F11))
A12: DC Curve File / Relative Path | H12: Min | I12: =IF(COUNT(D9:F11)=0,"",MIN(D9:F11))
A13: DC Curve Link | B13: =IF(B12="","",HYPERLINK(B12,"Open DC curve")) | D13: Configuration Status | H13: Max | I13: =IF(COUNT(D9:F11)=0,"",MAX(D9:F11))
A14: Notes | D14: Planned | H14: Range | I14: =IF(COUNT(D9:F11)=0,"",MAX(D9:F11)-MIN(D9:F11))
H15: CV (%) | I15: =IF(COUNT(D9:F11)<2,"",_xludf.STDEV.S(D9:F11)/AVERAGE(D9:F11)*100)
A17: Thermal Settling | H17: DC Curve Metrics | I17: Value
A18: Time (min) | B18: Centre Temp (°C) | H18: Voc (V)
A19: 0 | H19: Isc (A)
A20: 1 | H20: Vmp (V)
A21: 2 | H21: Imp (A)
A22: 3 | H22: Pmp (W)
A23: 4
A24: 5
A25: 6
A26: 7
A27: 8
A28: 9

Sheet Config_12
A1: C12 - Environmental Configuration
A3: Config ID | B3: C12 | D3: Temperature Grid (°C) | H3: Temperature Summary | I3: Value
A4: Environment ID | H4: Average (°C) | I4: =IF(COUNT(D4:F6)=0,"",AVERAGE(D4:F6))
A5: Purpose | B5: Targeted fan-off: choose low-G condition after map | H5: Min (°C) | I5: =IF(COUNT(D4:F6)=0,"",MIN(D4:F6))
A6: Distance (cm) | H6: Max (°C) | I6: =IF(COUNT(D4:F6)=0,"",MAX(D4:F6))
A7: Variac (V) | H7: Range (°C) | I7: =IF(COUNT(D4:F6)=0,"",MAX(D4:F6)-MIN(D4:F6))
A8: Fan | B8: OFF | D8: Irradiance Grid (W/m²) | H8: CV (%) | I8: =IF(COUNT(D4:F6)<2,"",_xludf.STDEV.S(D4:F6)/AVERAGE(D4:F6)*100)
A9: Start Time
A10: Settled Time | H10: Irradiance Summary | I10: Value
A11: DC Run ID | H11: Average (W/m²) | I11: =IF(COUNT(D9:F11)=0,"",AVERAGE(D9:F11))
A12: DC Curve File / Relative Path | H12: Min | I12: =IF(COUNT(D9:F11)=0,"",MIN(D9:F11))
A13: DC Curve Link | B13: =IF(B12="","",HYPERLINK(B12,"Open DC curve")) | D13: Configuration Status | H13: Max | I13: =IF(COUNT(D9:F11)=0,"",MAX(D9:F11))
A14: Notes | D14: Planned | H14: Range | I14: =IF(COUNT(D9:F11)=0,"",MAX(D9:F11)-MIN(D9:F11))
H15: CV (%) | I15: =IF(COUNT(D9:F11)<2,"",_xludf.STDEV.S(D9:F11)/AVERAGE(D9:F11)*100)
A17: Thermal Settling | H17: DC Curve Metrics | I17: Value
A18: Time (min) | B18: Centre Temp (°C) | H18: Voc (V)
A19: 0 | H19: Isc (A)
A20: 1 | H20: Vmp (V)
A21: 2 | H21: Imp (A)
A22: 3 | H22: Pmp (W)
A23: 4
A24: 5
A25: 6
A26: 7
A27: 8
A28: 9

Sheet Config_13
A1: C13 - Environmental Configuration
A3: Config ID | B3: C13 | D3: Temperature Grid (°C) | H3: Temperature Summary | I3: Value
A4: Environment ID | H4: Average (°C) | I4: =IF(COUNT(D4:F6)=0,"",AVERAGE(D4:F6))
A5: Purpose | B5: Targeted fan-off: choose high-G condition after map | H5: Min (°C) | I5: =IF(COUNT(D4:F6)=0,"",MIN(D4:F6))
A6: Distance (cm) | H6: Max (°C) | I6: =IF(COUNT(D4:F6)=0,"",MAX(D4:F6))
A7: Variac (V) | H7: Range (°C) | I7: =IF(COUNT(D4:F6)=0,"",MAX(D4:F6)-MIN(D4:F6))
A8: Fan | B8: OFF | D8: Irradiance Grid (W/m²) | H8: CV (%) | I8: =IF(COUNT(D4:F6)<2,"",_xludf.STDEV.S(D4:F6)/AVERAGE(D4:F6)*100)
A9: Start Time
A10: Settled Time | H10: Irradiance Summary | I10: Value
A11: DC Run ID | H11: Average (W/m²) | I11: =IF(COUNT(D9:F11)=0,"",AVERAGE(D9:F11))
A12: DC Curve File / Relative Path | H12: Min | I12: =IF(COUNT(D9:F11)=0,"",MIN(D9:F11))
A13: DC Curve Link | B13: =IF(B12="","",HYPERLINK(B12,"Open DC curve")) | D13: Configuration Status | H13: Max | I13: =IF(COUNT(D9:F11)=0,"",MAX(D9:F11))
A14: Notes | D14: Planned | H14: Range | I14: =IF(COUNT(D9:F11)=0,"",MAX(D9:F11)-MIN(D9:F11))
H15: CV (%) | I15: =IF(COUNT(D9:F11)<2,"",_xludf.STDEV.S(D9:F11)/AVERAGE(D9:F11)*100)
A17: Thermal Settling | H17: DC Curve Metrics | I17: Value
A18: Time (min) | B18: Centre Temp (°C) | H18: Voc (V)
A19: 0 | H19: Isc (A)
A20: 1 | H20: Vmp (V)
A21: 2 | H21: Imp (A)
A22: 3 | H22: Pmp (W)
A23: 4
A24: 5
A25: 6
A26: 7
A27: 8
A28: 9

Sheet Summary
A1: Environmental Rig Characterisation Tracker
A3: KPI | B3: Value | D3: KPI | E3: Value | H3: How to use: 1) Enter actual D1/D2/D3 and V1/V2/V3 levels on Setup. 2) Complete each Config sheet with the 3×3 T and G grids, thermal settling data, DC Run ID and DC file path. 3) Summary updates automatically. For C12/C13, enter the targeted distance and Variac manually after reviewing the first map.
A4: Configurations Complete | B4: =COUNTIF(U9:U21,"Complete") -> 0 | D4: G Range Observed (W/m²) | E4: =IF(COUNT(K9:K21)=0,"",MAX(K9:K21)-MIN(K9:K21)) -> 415.44444
A5: Centre Repeat Drift Check | B5: =IF(OR(H10="",H13=""),"",ABS(H13-H10)) -> 10.711111 | D5: T Range Observed (°C) | E5: =IF(COUNT(H9:H21)=0,"",MAX(H9:H21)-MIN(H9:H21)) -> 11.277778
A8: Order | B8: Config ID | C8: Purpose | D8: Environment ID | E8: Distance (cm) | F8: Variac (V) | G8: Fan | H8: T Avg (°C) | I8: T Range | J8: T CV (%) | K8: G Avg (W/m²) | L8: G Range | M8: G CV (%) | N8: Voc (V) | O8: Isc (A) | P8: Vmp (V) | Q8: Imp (A) | R8: Pmp (W) | S8: DC Run ID | T8: DC Curve File | U8: Status | V8: Notes | W8: Quick Links
A9: 1 | B9: C01 | C9: Distance sweep - far at mid Variac | D9: =IF(Config_01!B4="","",Config_01!B4) | E9: =IF(Config_01!B6="","",Config_01!B6) -> 60 | F9: =IF(Config_01!B7="","",Config_01!B7) -> 150 | G9: =IF(Config_01!B8="","",Config_01!B8) -> ON | H9: =IF(Config_01!I4="","",Config_01!I4) -> 34.688889 | I9: =IF(Config_01!I7="","",Config_01!I7) -> 5.7 | J9: =IF(Config_01!I8="","",Config_01!I8) -> #NAME? | K9: =IF(Config_01!I11="","",Config_01!I11) -> 288.55556 | L9: =IF(Config_01!I14="","",Config_01!I14) -> 114 | M9: =IF(Config_01!I15="","",Config_01!I15) -> #NAME? | N9: =IF(Config_01!I18="","",Config_01!I18) | O9: =IF(Config_01!I19="","",Config_01!I19) | P9: =IF(Config_01!I20="","",Config_01!I20) | Q9: =IF(Config_01!I21="","",Config_01!I21) | R9: =IF(Config_01!I22="","",Config_01!I22) | S9: =IF(Config_01!B11="","",Config_01!B11) | T9: =IF(Config_01!B12="","",Config_01!B12) -> 20260901_GSM_HLT_DC_R01 | U9: =Config_01!D14 -> Planned | V9: =IF(Config_01!B14="","",Config_01!B14) | W9: Open 01 | X9: =IF(T9="","",HYPERLINK(T9,"Open")) -> Open
A10: 2 | B10: C02 | C10: Distance sweep - mid / centre | D10: =IF(Config_02!B4="","",Config_02!B4) | E10: =IF(Config_02!B6="","",Config_02!B6) -> 90 | F10: =IF(Config_02!B7="","",Config_02!B7) -> 150 | G10: =IF(Config_02!B8="","",Config_02!B8) -> ON | H10: =IF(Config_02!I4="","",Config_02!I4) -> 30.588889 | I10: =IF(Config_02!I7="","",Config_02!I7) -> 3.1 | J10: =IF(Config_02!I8="","",Config_02!I8) -> #NAME? | K10: =IF(Config_02!I11="","",Config_02!I11) -> 174.55556 | L10: =IF(Config_02!I14="","",Config_02!I14) -> 55 | M10: =IF(Config_02!I15="","",Config_02!I15) -> #NAME? | N10: =IF(Config_02!I18="","",Config_02!I18) | O10: =IF(Config_02!I19="","",Config_02!I19) | P10: =IF(Config_02!I20="","",Config_02!I20) | Q10: =IF(Config_02!I21="","",Config_02!I21) | R10: =IF(Config_02!I22="","",Config_02!I22) | S10: =IF(Config_02!B11="","",Config_02!B11) | T10: =IF(Config_02!B12="","",Config_02!B12) -> 20260901_GSM_HLT_DC_R02 | U10: =Config_02!D14 -> Planned | V10: =IF(Config_02!B14="","",Config_02!B14) | W10: Open 02 | X10: =IF(T10="","",HYPERLINK(T10,"Open")) -> Open
A11: 3 | B11: C03 | C11: Distance sweep - near at mid Variac | D11: =IF(Config_03!B4="","",Config_03!B4) | E11: =IF(Config_03!B6="","",Config_03!B6) -> 30 | F11: =IF(Config_03!B7="","",Config_03!B7) -> 150 | G11: =IF(Config_03!B8="","",Config_03!B8) -> ON | H11: =IF(Config_03!I4="","",Config_03!I4) -> 41.577778 | I11: =IF(Config_03!I7="","",Config_03!I7) -> 10.4 | J11: =IF(Config_03!I8="","",Config_03!I8) -> #NAME? | K11: =IF(Config_03!I11="","",Config_03!I11) -> 544.22222 | L11: =IF(Config_03!I14="","",Config_03!I14) -> 200 | M11: =IF(Config_03!I15="","",Config_03!I15) -> #NAME? | N11: =IF(Config_03!I18="","",Config_03!I18) | O11: =IF(Config_03!I19="","",Config_03!I19) | P11: =IF(Config_03!I20="","",Config_03!I20) | Q11: =IF(Config_03!I21="","",Config_03!I21) | R11: =IF(Config_03!I22="","",Config_03!I22) | S11: =IF(Config_03!B11="","",Config_03!B11) | T11: =IF(Config_03!B12="","",Config_03!B12) -> 20260901_GSM_HLT_DC_R03 | U11: =Config_03!D14 -> Planned | V11: =IF(Config_03!B14="","",Config_03!B14) | W11: Open 03 | X11: =IF(T11="","",HYPERLINK(T11,"Open")) -> Open
A12: 4 | B12: C04 | C12: Variac sweep - low at mid distance | D12: =IF(Config_04!B4="","",Config_04!B4) | E12: =IF(Config_04!B6="","",Config_04!B6) -> 60 | F12: =IF(Config_04!B7="","",Config_04!B7) -> 120 | G12: =IF(Config_04!B8="","",Config_04!B8) -> ON | H12: =IF(Config_04!I4="","",Config_04!I4) -> 33.355556 | I12: =IF(Config_04!I7="","",Config_04!I7) -> 6.3 | J12: =IF(Config_04!I8="","",Config_04!I8) -> #NAME? | K12: =IF(Config_04!I11="","",Config_04!I11) -> 223.44444 | L12: =IF(Config_04!I14="","",Config_04!I14) -> 127 | M12: =IF(Config_04!I15="","",Config_04!I15) -> #NAME? | N12: =IF(Config_04!I18="","",Config_04!I18) | O12: =IF(Config_04!I19="","",Config_04!I19) | P12: =IF(Config_04!I20="","",Config_04!I20) | Q12: =IF(Config_04!I21="","",Config_04!I21) | R12: =IF(Config_04!I22="","",Config_04!I22) | S12: =IF(Config_04!B11="","",Config_04!B11) | T12: =IF(Config_04!B12="","",Config_04!B12) -> 20260901_GSM_HLT_DC_R04 | U12: =Config_04!D14 -> Planned | V12: =IF(Config_04!B14="","",Config_04!B14) | W12: Open 04 | X12: =IF(T12="","",HYPERLINK(T12,"Open")) -> Open
A13: 5 | B13: C05 | C13: Centre repeat / drift check | D13: =IF(Config_05!B4="","",Config_05!B4) | E13: =IF(Config_05!B6="","",Config_05!B6) -> 60 | F13: =IF(Config_05!B7="","",Config_05!B7) -> 200 | G13: =IF(Config_05!B8="","",Config_05!B8) -> ON | H13: =IF(Config_05!I4="","",Config_05!I4) -> 41.3 | I13: =IF(Config_05!I7="","",Config_05!I7) -> 7.6 | J13: =IF(Config_05!I8="","",Config_05!I8) -> #NAME? | K13: =IF(Config_05!I11="","",Config_05!I11) -> 590 | L13: =IF(Config_05!I14="","",Config_05!I14) -> 194 | M13: =IF(Config_05!I15="","",Config_05!I15) -> #NAME? | N13: =IF(Config_05!I18="","",Config_05!I18) | O13: =IF(Config_05!I19="","",Config_05!I19) | P13: =IF(Config_05!I20="","",Config_05!I20) | Q13: =IF(Config_05!I21="","",Config_05!I21) | R13: =IF(Config_05!I22="","",Config_05!I22) | S13: =IF(Config_05!B11="","",Config_05!B11) | T13: =IF(Config_05!B12="","",Config_05!B12) -> 20260901_GSM_HLT_DC_R05 | U13: =Config_05!D14 -> Planned | V13: =IF(Config_05!B14="","",Config_05!B14) | W13: Open 05 | X13: =IF(T13="","",HYPERLINK(T13,"Open")) -> Open
A14: 6 | B14: C06 | C14: Variac sweep - high at mid distance | D14: =IF(Config_06!B4="","",Config_06!B4) | E14: =IF(Config_06!B6="","",Config_06!B6) -> 60 | F14: =IF(Config_06!B7="","",Config_06!B7) -> 150 | G14: =IF(Config_06!B8="","",Config_06!B8) -> ON | H14: =IF(Config_06!I4="","",Config_06!I4) -> 33.744444 | I14: =IF(Config_06!I7="","",Config_06!I7) -> 4.9 | J14: =IF(Config_06!I8="","",Config_06!I8) -> #NAME? | K14: =IF(Config_06!I11="","",Config_06!I11) -> 291.88889 | L14: =IF(Config_06!I14="","",Config_06!I14) -> 132 | M14: =IF(Config_06!I15="","",Config_06!I15) -> #NAME? | N14: =IF(Config_06!I18="","",Config_06!I18) | O14: =IF(Config_06!I19="","",Config_06!I19) | P14: =IF(Config_06!I20="","",Config_06!I20) | Q14: =IF(Config_06!I21="","",Config_06!I21) | R14: =IF(Config_06!I22="","",Config_06!I22) | S14: =IF(Config_06!B11="","",Config_06!B11) | T14: =IF(Config_06!B12="","",Config_06!B12) -> 20260902_GSM_HLT_DC_R01 | U14: =Config_06!D14 -> Planned | V14: =IF(Config_06!B14="","",Config_06!B14) | W14: Open 06 | X14: =IF(T14="","",HYPERLINK(T14,"Open")) -> Open
A15: 7 | B15: C07 | C15: Fan effect at centre | D15: =IF(Config_07!B4="","",Config_07!B4) | E15: =IF(Config_07!B6="","",Config_07!B6) -> 60 | F15: =IF(Config_07!B7="","",Config_07!B7) -> 150 | G15: =IF(Config_07!B8="","",Config_07!B8) -> OFF | H15: =IF(Config_07!I4="","",Config_07!I4) -> 41.866667 | I15: =IF(Config_07!I7="","",Config_07!I7) -> 5.8 | J15: =IF(Config_07!I8="","",Config_07!I8) -> #NAME? | K15: =IF(Config_07!I11="","",Config_07!I11) -> 298.33333 | L15: =IF(Config_07!I14="","",Config_07!I14) -> 140 | M15: =IF(Config_07!I15="","",Config_07!I15) -> #NAME? | N15: =IF(Config_07!I18="","",Config_07!I18) | O15: =IF(Config_07!I19="","",Config_07!I19) | P15: =IF(Config_07!I20="","",Config_07!I20) | Q15: =IF(Config_07!I21="","",Config_07!I21) | R15: =IF(Config_07!I22="","",Config_07!I22) | S15: =IF(Config_07!B11="","",Config_07!B11) | T15: =IF(Config_07!B12="","",Config_07!B12) -> 20260902_GSM_HLT_DC_R02 | U15: =Config_07!D14 -> Planned | V15: =IF(Config_07!B14="","",Config_07!B14) | W15: Open 07 | X15: =IF(T15="","",HYPERLINK(T15,"Open")) -> Open
A16: 8 | B16: C08 | C16: D-V corner: far / low | D16: =IF(Config_08!B4="","",Config_08!B4) | E16: =IF(Config_08!B6="","",Config_08!B6) -> 90 | F16: =IF(Config_08!B7="","",Config_08!B7) -> 200 | G16: =IF(Config_08!B8="","",Config_08!B8) -> ON | H16: =IF(Config_08!I4="","",Config_08!I4) -> 35.044444 | I16: =IF(Config_08!I7="","",Config_08!I7) -> 6 | J16: =IF(Config_08!I8="","",Config_08!I8) -> #NAME? | K16: =IF(Config_08!I11="","",Config_08!I11) -> 325.33333 | L16: =IF(Config_08!I14="","",Config_08!I14) -> 83 | M16: =IF(Config_08!I15="","",Config_08!I15) -> #NAME? | N16: =IF(Config_08!I18="","",Config_08!I18) | O16: =IF(Config_08!I19="","",Config_08!I19) | P16: =IF(Config_08!I20="","",Config_08!I20) | Q16: =IF(Config_08!I21="","",Config_08!I21) | R16: =IF(Config_08!I22="","",Config_08!I22) | S16: =IF(Config_08!B11="","",Config_08!B11) | T16: =IF(Config_08!B12="","",Config_08!B12) -> 20260902_GSM_HLT_DC_R03 | U16: =Config_08!D14 -> Planned | V16: =IF(Config_08!B14="","",Config_08!B14) | W16: Open 08 | X16: =IF(T16="","",HYPERLINK(T16,"Open")) -> Open
A17: 9 | B17: C09 | C17: D-V corner: far / high | D17: =IF(Config_09!B4="","",Config_09!B4) | E17: =IF(Config_09!B6="","",Config_09!B6) -> 30 | F17: =IF(Config_09!B7="","",Config_09!B7) -> 120 | G17: =IF(Config_09!B8="","",Config_09!B8) -> ON | H17: =IF(Config_09!I4="","",Config_09!I4) -> 39.455556 | I17: =IF(Config_09!I7="","",Config_09!I7) -> 13.6 | J17: =IF(Config_09!I8="","",Config_09!I8) -> #NAME? | K17: =IF(Config_09!I11="","",Config_09!I11) -> 516.88889 | L17: =IF(Config_09!I14="","",Config_09!I14) -> 553 | M17: =IF(Config_09!I15="","",Config_09!I15) -> #NAME? | N17: =IF(Config_09!I18="","",Config_09!I18) | O17: =IF(Config_09!I19="","",Config_09!I19) | P17: =IF(Config_09!I20="","",Config_09!I20) | Q17: =IF(Config_09!I21="","",Config_09!I21) | R17: =IF(Config_09!I22="","",Config_09!I22) | S17: =IF(Config_09!B11="","",Config_09!B11) | T17: =IF(Config_09!B12="","",Config_09!B12) -> 20260902_GSM_HLT_DC_R04 | U17: =Config_09!D14 -> Planned | V17: =IF(Config_09!B14="","",Config_09!B14) | W17: Open 09 | X17: =IF(T17="","",HYPERLINK(T17,"Open")) -> Open
A18: 10 | B18: C10 | C18: D-V corner: near / low | D18: =IF(Config_10!B4="","",Config_10!B4) | E18: =IF(Config_10!B6="","",Config_10!B6) -> 0 | F18: =IF(Config_10!B7="","",Config_10!B7) -> 0 | G18: =IF(Config_10!B8="","",Config_10!B8) -> ON | H18: =IF(Config_10!I4="","",Config_10!I4) | I18: =IF(Config_10!I7="","",Config_10!I7) | J18: =IF(Config_10!I8="","",Config_10!I8) | K18: =IF(Config_10!I11="","",Config_10!I11) | L18: =IF(Config_10!I14="","",Config_10!I14) | M18: =IF(Config_10!I15="","",Config_10!I15) | N18: =IF(Config_10!I18="","",Config_10!I18) | O18: =IF(Config_10!I19="","",Config_10!I19) | P18: =IF(Config_10!I20="","",Config_10!I20) | Q18: =IF(Config_10!I21="","",Config_10!I21) | R18: =IF(Config_10!I22="","",Config_10!I22) | S18: =IF(Config_10!B11="","",Config_10!B11) | T18: =IF(Config_10!B12="","",Config_10!B12) | U18: =Config_10!D14 -> Planned | V18: =IF(Config_10!B14="","",Config_10!B14) | W18: Open 10 | X18: =IF(T18="","",HYPERLINK(T18,"Open"))
A19: 11 | B19: C11 | C19: D-V corner: near / high | D19: =IF(Config_11!B4="","",Config_11!B4) | E19: =IF(Config_11!B6="","",Config_11!B6) -> 0 | F19: =IF(Config_11!B7="","",Config_11!B7) -> 0 | G19: =IF(Config_11!B8="","",Config_11!B8) -> ON | H19: =IF(Config_11!I4="","",Config_11!I4) | I19: =IF(Config_11!I7="","",Config_11!I7) | J19: =IF(Config_11!I8="","",Config_11!I8) | K19: =IF(Config_11!I11="","",Config_11!I11) | L19: =IF(Config_11!I14="","",Config_11!I14) | M19: =IF(Config_11!I15="","",Config_11!I15) | N19: =IF(Config_11!I18="","",Config_11!I18) | O19: =IF(Config_11!I19="","",Config_11!I19) | P19: =IF(Config_11!I20="","",Config_11!I20) | Q19: =IF(Config_11!I21="","",Config_11!I21) | R19: =IF(Config_11!I22="","",Config_11!I22) | S19: =IF(Config_11!B11="","",Config_11!B11) | T19: =IF(Config_11!B12="","",Config_11!B12) | U19: =Config_11!D14 -> Planned | V19: =IF(Config_11!B14="","",Config_11!B14) | W19: Open 11 | X19: =IF(T19="","",HYPERLINK(T19,"Open"))
A20: 12 | B20: C12 | C20: Targeted fan-off: choose low-G condition after map | D20: =IF(Config_12!B4="","",Config_12!B4) | E20: =IF(Config_12!B6="","",Config_12!B6) | F20: =IF(Config_12!B7="","",Config_12!B7) | G20: =IF(Config_12!B8="","",Config_12!B8) -> OFF | H20: =IF(Config_12!I4="","",Config_12!I4) | I20: =IF(Config_12!I7="","",Config_12!I7) | J20: =IF(Config_12!I8="","",Config_12!I8) | K20: =IF(Config_12!I11="","",Config_12!I11) | L20: =IF(Config_12!I14="","",Config_12!I14) | M20: =IF(Config_12!I15="","",Config_12!I15) | N20: =IF(Config_12!I18="","",Config_12!I18) | O20: =IF(Config_12!I19="","",Config_12!I19) | P20: =IF(Config_12!I20="","",Config_12!I20) | Q20: =IF(Config_12!I21="","",Config_12!I21) | R20: =IF(Config_12!I22="","",Config_12!I22) | S20: =IF(Config_12!B11="","",Config_12!B11) | T20: =IF(Config_12!B12="","",Config_12!B12) | U20: =Config_12!D14 -> Planned | V20: =IF(Config_12!B14="","",Config_12!B14) | W20: Open 12 | X20: =IF(T20="","",HYPERLINK(T20,"Open"))
A21: 13 | B21: C13 | C21: Targeted fan-off: choose high-G condition after map | D21: =IF(Config_13!B4="","",Config_13!B4) | E21: =IF(Config_13!B6="","",Config_13!B6) | F21: =IF(Config_13!B7="","",Config_13!B7) | G21: =IF(Config_13!B8="","",Config_13!B8) -> OFF | H21: =IF(Config_13!I4="","",Config_13!I4) | I21: =IF(Config_13!I7="","",Config_13!I7) | J21: =IF(Config_13!I8="","",Config_13!I8) | K21: =IF(Config_13!I11="","",Config_13!I11) | L21: =IF(Config_13!I14="","",Config_13!I14) | M21: =IF(Config_13!I15="","",Config_13!I15) | N21: =IF(Config_13!I18="","",Config_13!I18) | O21: =IF(Config_13!I19="","",Config_13!I19) | P21: =IF(Config_13!I20="","",Config_13!I20) | Q21: =IF(Config_13!I21="","",Config_13!I21) | R21: =IF(Config_13!I22="","",Config_13!I22) | S21: =IF(Config_13!B11="","",Config_13!B11) | T21: =IF(Config_13!B12="","",Config_13!B12) | U21: =Config_13!D14 -> Planned | V21: =IF(Config_13!B14="","",Config_13!B14) | W21: Open 13 | X21: =IF(T21="","",HYPERLINK(T21,"Open"))
